Date,Mkt-RF,SMB,HML,RF,Spread,Labor
1969-01-01,-1.25,-0.77,1.66,0.53,0.7300000000000004,0.76279414
1969-02-01,-5.84,-3.9,0.86,0.46,0.6399999999999997,0.601605
1969-03-01,2.64,-0.26,-0.52,0.46,0.6600000000000001,1.078905
1969-04-01,1.46,-0.87,-0.03,0.53,0.6500000000000004,0.680544
1969-05-01,-0.1,-0.26,0.71,0.48,0.7299999999999995,0.8454109
1969-06-01,-7.18,-5.39,-1.1,0.51,0.7199999999999998,0.88601464
1969-07-01,-7.0,-3.2,1.22,0.53,0.7599999999999998,1.1616954
1969-08-01,4.68,0.93,-3.83,0.5,0.8900000000000006,0.89873475
1969-09-01,-2.98,1.18,-3.27,0.62,0.910000000000001,0.7152445
1969-10-01,5.06,3.84,-3.04,0.6,0.8900000000000006,0.5569955
1969-11-01,-3.79,-2.54,-1.15,0.52,0.9000000000000004,0.59149164
1969-12-01,-2.63,-3.65,-3.0,0.64,0.9300000000000006,0.58735234
1970-01-01,-8.1,2.91,3.15,0.6,0.9499999999999993,0.4761114
1970-02-01,5.13,-2.41,4.02,0.62,0.8499999999999996,0.5355204
1970-03-01,-1.06,-2.32,4.09,0.57,0.7900000000000009,0.6843008
1970-04-01,-11.0,-6.09,6.21,0.5,0.8699999999999992,-0.23608382
1970-05-01,-6.92,-4.54,3.43,0.53,0.870000000000001,0.40800992
1970-06-01,-5.79,-2.14,0.6,0.58,0.7699999999999996,0.56476307
1970-07-01,6.93,-0.55,1.01,0.52,0.9600000000000009,0.5688098
1970-08-01,4.49,1.53,1.02,0.53,1.3099999999999987,0.3330393
1970-09-01,4.18,8.56,-5.63,0.54,1.3000000000000007,-0.072014384
1970-10-01,-2.28,-4.28,0.25,0.46,1.3000000000000007,-0.24340267
1970-11-01,4.6,-4.07,1.67,0.46,1.33,0.26377147
1970-12-01,5.72,3.0,0.86,0.42,1.4799999999999995,0.8808484
1971-01-01,4.84,7.37,1.33,0.38,1.38,1.6119827
1971-02-01,1.41,1.86,-1.22,0.33,1.3100000000000005,0.51592463
1971-03-01,4.13,2.5,-4.06,0.3,1.2500000000000009,0.560359
1971-04-01,3.15,-0.5,0.71,0.28,1.1999999999999993,0.54633737
1971-05-01,-3.98,-1.11,-1.48,0.29,1.089999999999999,0.88612306
1971-06-01,-0.1,-1.43,-1.82,0.37,1.1100000000000003,0.42509595
1971-07-01,-4.5,-1.5,0.17,0.4,1.12,0.31253722
1971-08-01,3.79,-0.18,2.56,0.47,1.17,0.7010929
1971-09-01,-0.85,0.43,-2.89,0.37,1.1499999999999995,0.5916383
1971-10-01,-4.42,-1.8,-0.37,0.37,1.0900000000000007,0.3326373
1971-11-01,-0.46,-2.8,-1.73,0.37,1.120000000000001,0.5278242
1971-12-01,8.71,3.29,-0.41,0.37,1.1300000000000008,1.4307727
1972-01-01,2.49,6.07,1.93,0.29,1.04,1.5825112
1972-02-01,2.87,1.4,-2.8,0.25,0.9600000000000009,1.2481984
1972-03-01,0.63,-0.3,-1.68,0.27,1.0,0.7407856
1972-04-01,0.29,0.01,0.24,0.29,0.9400000000000004,0.5060348
1972-05-01,1.25,-2.74,-2.73,0.3,0.9300000000000006,0.5218614
1972-06-01,-2.43,0.34,-2.6,0.29,0.9699999999999989,0.65762967
1972-07-01,-0.8,-2.86,0.71,0.31,1.0200000000000005,0.27363226
1972-08-01,3.26,-4.07,4.64,0.29,0.9999999999999991,0.9790404
1972-09-01,-1.14,-2.67,0.51,0.34,0.8700000000000001,0.8594957
1972-10-01,0.52,-2.72,1.3,0.4,0.8500000000000005,1.3784807
1972-11-01,4.6,-1.12,4.82,0.37,0.8700000000000001,0.77294934
1972-12-01,0.62,-1.87,-2.24,0.37,0.8499999999999996,0.9158888
1973-01-01,-3.29,-3.47,2.67,0.44,0.75,1.6349703
1973-02-01,-4.85,-3.99,1.71,0.41,0.75,1.0976437
1973-03-01,-1.3,-2.81,2.73,0.46,0.7399999999999993,0.7135173
1973-04-01,-5.68,-3.96,5.62,0.52,0.8300000000000001,0.7343462
1973-05-01,-2.94,-6.13,0.25,0.51,0.7700000000000005,0.6332311
1973-06-01,-1.56,-2.93,1.37,0.51,0.7600000000000007,0.7596545
1973-07-01,5.05,7.97,-5.32,0.64,0.79,0.805351
1973-08-01,-3.82,-2.12,1.32,0.7,0.8499999999999996,0.46438965
1973-09-01,4.75,3.07,2.01,0.68,1.0000000000000009,0.8800561
1973-10-01,-0.83,-0.4,2.03,0.65,0.8100000000000005,0.9299725
1973-11-01,-12.75,-7.65,3.91,0.56,0.75,1.0602257
1973-12-01,0.61,-5.25,3.9,0.64,0.8000000000000007,0.58338845
1974-01-01,-0.17,9.66,5.99,0.63,0.6500000000000004,0.6313066
1974-02-01,-0.47,-0.13,2.86,0.58,0.6799999999999997,0.62160355
1974-03-01,-2.81,2.59,-0.28,0.56,0.6099999999999994,0.5314583
1974-04-01,-5.29,-0.71,0.95,0.75,0.6199999999999992,0.62677836
1974-05-01,-4.68,-3.03,-2.08,0.75,0.6800000000000015,1.239992
1974-06-01,-2.83,-0.16,0.78,0.6,0.7999999999999989,0.9399266
1974-07-01,-8.05,0.92,5.14,0.7,0.7599999999999998,0.5712103
1974-08-01,-9.35,-0.68,2.5,0.6,0.7699999999999996,0.82427895
1974-09-01,-11.77,0.27,5.49,0.81,0.9399999999999995,0.8773168
1974-10-01,16.1,-3.51,-9.99,0.51,1.2100000000000009,0.8438033
1974-11-01,-4.51,-1.17,-0.16,0.54,1.709999999999999,-0.41110823
1974-12-01,-3.45,-4.84,0.0,0.7,1.7400000000000002,0.25443897
1975-01-01,13.66,11.01,8.44,0.58,1.9800000000000004,0.367672
1975-02-01,5.56,0.16,-4.56,0.43,2.030000000000001,-0.08337957
1975-03-01,2.66,3.75,2.49,0.41,1.8100000000000005,0.45782492
1975-04-01,4.23,-0.54,-1.11,0.44,1.6300000000000008,0.18622622
1975-05-01,5.19,3.83,-4.02,0.44,1.7899999999999991,0.97947407
1975-06-01,4.83,0.76,1.32,0.41,1.8499999999999996,0.8088658
1975-07-01,-6.59,2.69,1.7,0.48,1.7100000000000009,0.5762283
1975-08-01,-2.85,-3.2,-0.95,0.48,1.6400000000000006,1.4551837
1975-09-01,-4.26,-0.12,0.34,0.53,1.6600000000000001,0.68981785
1975-10-01,5.31,-4.04,0.34,0.56,1.7599999999999998,1.0178449
1975-11-01,2.64,-1.19,1.96,0.41,1.7800000000000011,0.92459804
1975-12-01,-1.6,-0.75,1.74,0.48,1.7700000000000014,0.7831757
1976-01-01,12.16,4.82,8.65,0.47,1.8100000000000005,1.6611868
1976-02-01,0.32,7.03,5.85,0.34,1.6899999999999995,0.73859787
1976-03-01,2.32,-1.15,-0.08,0.4,1.5999999999999996,0.5202691
1976-04-01,-1.49,-0.03,-0.14,0.42,1.5399999999999991,0.7694576
1976-05-01,-1.34,-1.25,-1.3,0.37,1.2799999999999994,0.82337373
1976-06-01,4.05,-1.35,0.65,0.43,1.2700000000000014,0.3717304
1976-07-01,-1.07,0.29,1.69,0.47,1.2599999999999998,0.78682137
1976-08-01,-0.56,-2.02,0.81,0.42,1.1900000000000013,0.99476975
1976-09-01,2.07,0.0,-0.24,0.44,1.0199999999999996,0.6598252
1976-10-01,-2.42,0.25,-0.15,0.41,0.9699999999999989,0.63018394
1976-11-01,0.36,2.32,1.51,0.4,0.9800000000000004,1.1762569
1976-12-01,5.65,3.0,2.2,0.4,1.1399999999999988,0.8683448
1977-01-01,-4.05,4.77,4.25,0.36,1.12,0.4505664
1977-02-01,-1.94,1.08,0.52,0.35,1.08,1.2564725
1977-03-01,-1.37,1.0,1.06,0.38,1.0199999999999996,1.0339779
1977-04-01,0.15,-0.11,3.44,0.38,1.0300000000000011,1.0289935
1977-05-01,-1.45,1.17,0.84,0.37,0.9599999999999991,1.2286879
1977-06-01,4.71,2.14,-0.68,0.4,0.96,0.99772394
1977-07-01,-1.69,2.11,-0.6,0.42,0.9299999999999988,0.86512613
1977-08-01,-1.75,1.52,-2.76,0.44,0.8399999999999999,0.63266253
1977-09-01,-0.27,1.45,-0.51,0.43,0.8800000000000008,1.1439036
1977-10-01,-4.38,1.26,1.73,0.49,0.8500000000000014,1.2688707
1977-11-01,4.0,3.72,0.29,0.5,0.8699999999999992,0.7733763
1977-12-01,0.27,1.35,-0.38,0.49,0.8000000000000007,0.65603566
1978-01-01,-6.01,2.21,3.31,0.49,0.7599999999999998,0.8609658
1978-02-01,-1.38,3.59,0.71,0.46,0.7299999999999986,1.0134068
1978-03-01,2.85,3.48,1.23,0.53,0.75,1.4254459
1978-04-01,7.88,0.41,-3.56,0.54,0.7599999999999998,1.6268877
1978-05-01,1.76,4.56,-0.59,0.51,0.8000000000000007,0.7134364
1978-06-01,-1.69,1.69,0.55,0.54,0.8399999999999999,1.2565963
1978-07-01,5.11,0.26,-1.08,0.56,0.7199999999999989,0.9417754
1978-08-01,3.75,5.06,-0.57,0.56,0.7900000000000009,0.7876006
1978-09-01,-1.43,-0.4,1.87,0.62,0.7300000000000004,1.0063952
1978-10-01,-11.91,-9.88,1.4,0.68,0.6999999999999993,1.3232037
1978-11-01,2.71,3.01,-2.19,0.7,0.8000000000000007,0.889804
1978-12-01,0.88,1.25,-2.17,0.78,0.7799999999999994,1.0641475
1979-01-01,4.23,3.66,2.29,0.77,0.8800000000000008,0.9832152
1979-02-01,-3.56,0.45,1.16,0.73,0.8200000000000003,0.97250557
1979-03-01,5.68,3.19,-0.69,0.81,0.8900000000000006,1.1999488
1979-04-01,-0.06,2.18,1.0,0.8,0.9499999999999993,0.1392471
1979-05-01,-2.21,0.16,1.3,0.82,0.9700000000000006,0.9049237
1979-06-01,3.85,1.17,1.45,0.81,1.0900000000000016,1.1571475
1979-07-01,0.82,1.26,1.75,0.77,1.0899999999999999,0.97170186
1979-08-01,5.53,2.09,-1.52,0.77,1.1199999999999992,0.7441765
1979-09-01,-0.82,-0.25,-0.87,0.83,1.0999999999999996,0.95490766
1979-10-01,-8.1,-3.35,-1.81,0.87,1.2699999999999996,0.6634109
1979-11-01,5.21,2.76,-3.38,0.99,1.2300000000000004,0.9611557
1979-12-01,1.79,4.19,-2.04,0.95,1.3200000000000003,1.0279887
1980-01-01,5.51,1.65,1.72,0.8,1.33,0.55465794
1980-02-01,-1.22,-1.83,0.66,0.89,1.1899999999999995,0.8988251
1980-03-01,-12.9,-6.65,-1.02,1.21,1.4899999999999984,1.016316
1980-04-01,3.97,0.96,1.01,1.26,2.1500000000000004,0.3835934
1980-05-01,5.26,2.16,0.38,0.81,2.1799999999999997,0.06921556
1980-06-01,3.06,1.66,-0.85,0.61,2.130000000000001,0.6422446
1980-07-01,6.49,4.25,-6.29,0.53,1.58,0.25678983
1980-08-01,1.8,3.91,-2.64,0.64,1.5099999999999998,1.2037278
1980-09-01,2.19,0.87,-4.77,0.75,1.6799999999999997,0.9531359
1980-10-01,1.06,2.48,-2.77,0.95,1.92,1.3938707
1980-11-01,9.59,-3.46,-8.36,0.96,1.67,1.2843804
1980-12-01,-4.52,-0.27,2.73,1.31,1.9299999999999997,0.8857361
1981-01-01,-5.04,3.01,6.83,1.04,2.219999999999999,1.3760391
1981-02-01,0.57,-0.32,1.0,1.07,2.0199999999999996,0.5764938
1981-03-01,3.56,3.58,0.69,1.21,2.01,0.822187
1981-04-01,-2.11,4.42,2.29,1.08,1.6799999999999997,0.6425254
1981-05-01,0.11,2.0,-0.47,1.15,1.629999999999999,0.5321706
1981-06-01,-2.36,-0.83,5.1,1.35,2.0500000000000007,0.80750954
1981-07-01,-1.54,-2.18,-0.68,1.24,1.790000000000001,0.74419945
1981-08-01,-7.04,-1.96,4.84,1.28,1.4499999999999993,1.0224766
1981-09-01,-7.17,-2.66,5.2,1.24,1.4300000000000015,0.34384418
1981-10-01,4.92,2.14,-4.22,1.21,1.709999999999999,0.51446456
1981-11-01,3.36,-0.97,1.89,1.07,2.17,0.469047
1981-12-01,-3.65,1.17,0.75,0.87,2.3200000000000003,0.02126517
1982-01-01,-3.24,-1.29,3.19,0.8,1.9200000000000017,0.6769239
1982-02-01,-5.86,0.48,6.1,0.92,1.9100000000000001,0.6056793
1982-03-01,-1.87,-0.2,3.79,0.98,2.24,0.14532751
1982-04-01,3.27,1.51,-2.77,1.13,2.3200000000000003,0.12763204
1982-05-01,-3.99,0.47,1.8,1.06,2.380000000000001,0.7988863
1982-06-01,-3.09,-0.4,1.54,0.96,2.110000000000001,0.2833277
1982-07-01,-3.19,0.82,0.12,1.05,2.1900000000000013,0.38448635
1982-08-01,11.14,-4.09,1.0,0.76,2.6099999999999994,0.39032876
1982-09-01,1.29,2.89,0.33,0.51,2.6900000000000013,-0.059970327
1982-10-01,11.3,2.35,-3.73,0.59,2.610000000000001,0.22067009
1982-11-01,4.67,4.77,-1.89,0.63,2.620000000000001,0.26603192
1982-12-01,0.55,-0.19,-0.03,0.67,2.3100000000000005,0.6396952
1983-01-01,3.6,2.7,-0.81,0.69,2.1500000000000004,0.87442446
1983-02-01,2.59,3.24,0.7,0.62,1.9399999999999995,-0.16078196
1983-03-01,2.82,1.76,2.05,0.63,1.879999999999999,0.6831491
1983-04-01,6.67,0.52,0.56,0.71,1.7799999999999994,0.7431683
1983-05-01,0.52,6.15,-1.42,0.69,1.629999999999999,0.894525
1983-06-01,3.07,0.89,-3.93,0.67,1.629999999999999,0.7567603
1983-07-01,-4.07,1.46,5.61,0.74,1.2400000000000002,0.90286005
1983-08-01,-0.5,-4.3,5.56,0.76,1.1300000000000008,0.21492177
1983-09-01,0.91,0.56,1.08,0.76,1.1800000000000015,0.95870227
1983-10-01,-3.44,-3.6,5.07,0.76,1.2100000000000009,1.544406
1983-11-01,2.16,2.03,-0.64,0.7,1.1999999999999993,0.4087031
1983-12-01,-1.78,-0.29,1.68,0.73,1.1799999999999997,0.80165136
1984-01-01,-1.92,-0.43,7.62,0.76,1.450000000000001,1.3685393
1984-02-01,-4.82,-1.71,3.36,0.71,1.5099999999999998,0.66009873
1984-03-01,0.63,0.08,0.51,0.73,1.42,0.69239086
1984-04-01,-0.51,-1.21,1.27,0.81,1.5,1.1777084
1984-05-01,-5.97,0.03,0.26,0.78,1.4600000000000009,0.28536773
1984-06-01,1.82,-0.32,-2.62,0.75,1.5,0.98019207
1984-07-01,-2.74,-2.22,0.48,0.82,1.7100000000000009,0.7842471
1984-08-01,10.28,-0.27,-1.82,0.83,1.7600000000000016,0.39692366
1984-09-01,-0.8,0.2,5.32,0.86,1.6899999999999995,0.91427106
1984-10-01,-0.84,-1.2,0.51,1.0,1.3099999999999987,0.21109751
1984-11-01,-1.76,-0.63,4.08,0.73,1.1900000000000013,0.8615246
1984-12-01,1.84,-0.6,-0.2,0.64,1.2699999999999996,0.9077483
1985-01-01,7.99,3.29,-5.41,0.65,1.1799999999999997,0.1857866
1985-02-01,1.22,0.76,-0.13,0.58,1.0999999999999996,0.49669355
1985-03-01,-0.84,-1.15,4.1,0.62,1.129999999999999,1.0883946
1985-04-01,-0.96,0.14,3.72,0.72,1.2799999999999994,0.055329014
1985-05-01,5.09,-2.25,-0.92,0.66,1.4299999999999997,0.6866469
1985-06-01,1.27,0.5,0.5,0.55,1.4600000000000009,0.9464926
1985-07-01,-0.74,2.84,-1.68,0.62,1.459999999999999,0.17261535
1985-08-01,-1.02,-0.33,2.32,0.55,1.4499999999999993,0.7406111
1985-09-01,-4.54,-1.59,1.31,0.6,1.4100000000000001,0.8234146
1985-10-01,4.02,-1.57,0.78,0.65,1.3399999999999999,0.59331536
1985-11-01,6.48,0.22,-2.88,0.61,1.4399999999999995,0.40571102
1985-12-01,3.88,-0.49,-1.52,0.65,1.42,1.1274738
1986-01-01,0.65,1.22,0.52,0.56,1.3899999999999988,-0.005005179
1986-02-01,7.13,-0.62,-0.85,0.53,1.4399999999999995,0.4514574
1986-03-01,4.88,-0.52,-0.44,0.6,1.5,0.7646794
1986-04-01,-1.31,2.85,-2.86,0.52,1.4000000000000004,-0.078563586
1986-05-01,4.62,-1.32,-0.14,0.49,1.1999999999999993,0.42314014
1986-06-01,1.03,-0.93,1.36,0.52,1.209999999999999,0.5443623
1986-07-01,-6.45,-3.39,4.76,0.52,1.2799999999999994,0.42366114
1986-08-01,6.07,-4.2,3.5,0.46,1.459999999999999,0.65292436
1986-09-01,-8.6,2.26,3.16,0.45,1.3099999999999987,0.42281315
1986-10-01,4.66,-2.48,-1.37,0.46,1.3800000000000008,0.855228
1986-11-01,1.17,-1.92,-0.13,0.39,1.3900000000000006,0.6971226
1986-12-01,-3.27,0.09,0.27,0.49,1.4800000000000004,0.31687275
1987-01-01,12.47,-1.83,-3.26,0.42,1.3600000000000012,0.42247474
1987-02-01,4.39,3.49,-5.97,0.43,1.2699999999999996,0.8100319
1987-03-01,1.64,0.39,1.62,0.47,1.25,0.7096617
1987-04-01,-2.11,-1.7,-0.34,0.44,1.1899999999999995,0.27896267
1987-05-01,0.11,-0.53,0.22,0.38,1.1799999999999997,0.7644992
1987-06-01,3.94,-2.18,1.01,0.48,1.1999999999999993,0.39710277
1987-07-01,3.85,-0.67,0.67,0.46,1.1899999999999995,0.43222868
1987-08-01,3.52,-0.72,-0.92,0.47,1.1300000000000008,1.1140789
1987-09-01,-2.59,0.52,0.27,0.45,1.1300000000000008,0.26281428
1987-10-01,-23.24,-8.41,4.2,0.6,1.0999999999999996,1.0439646
1987-11-01,-7.77,2.78,3.13,0.35,1.2200000000000006,0.6780336
1987-12-01,6.81,0.13,-4.45,0.39,1.1799999999999997,1.397705
1988-01-01,4.21,-0.78,4.99,0.29,1.1899999999999995,-0.14201346
1988-02-01,4.75,3.35,-1.62,0.46,1.2199999999999989,0.72947073
1988-03-01,-2.27,6.15,0.72,0.44,1.1799999999999997,0.6097633
1988-04-01,0.56,0.96,1.7,0.46,1.2300000000000004,1.0271964
1988-05-01,-0.29,-2.64,2.33,0.51,1.1399999999999988,0.51524216
1988-06-01,4.79,2.17,-1.09,0.49,1.1400000000000006,0.7724796
1988-07-01,-1.25,-0.22,2.2,0.51,1.1499999999999986,0.77559596
1988-08-01,-3.31,0.06,2.12,0.59,1.1000000000000014,0.1442692
1988-09-01,3.3,-1.26,-0.68,0.62,1.08,0.70751333
1988-10-01,1.15,-2.9,1.7,0.61,0.9000000000000004,1.2228557
1988-11-01,-2.29,-1.73,1.3,0.57,1.0300000000000011,0.04560983
1988-12-01,1.49,1.94,-1.54,0.63,1.08,0.65769035
1989-01-01,6.1,-2.14,0.49,0.55,1.0300000000000011,0.7005536
1989-02-01,-2.25,2.77,0.9,0.61,0.9699999999999989,0.08969162
1989-03-01,1.57,0.74,0.47,0.67,0.8699999999999992,0.6542857
1989-04-01,4.33,-0.58,-1.42,0.67,0.8200000000000003,0.6725323
1989-05-01,3.35,-0.05,-0.9,0.79,0.8900000000000006,-0.24995287
1989-06-01,-1.35,-1.0,2.27,0.71,0.9299999999999997,0.536376
1989-07-01,7.2,-4.03,-2.79,0.7,0.9399999999999995,0.8329958
1989-08-01,1.44,0.51,0.63,0.74,0.9199999999999999,-0.0074624973
1989-09-01,-0.76,0.25,-1.25,0.65,0.9000000000000004,0.5832297
1989-10-01,-3.67,-3.25,-1.07,0.68,0.8900000000000006,1.1206077
1989-11-01,1.03,-1.27,-1.07,0.69,0.9199999999999999,0.091329135
1989-12-01,1.16,-2.4,0.21,0.61,0.9600000000000009,0.47697377
1990-01-01,-7.85,-1.26,0.78,0.57,0.9499999999999993,0.7179632
1990-02-01,1.11,1.02,0.65,0.57,0.9199999999999999,0.9774534
1990-03-01,1.83,1.55,-3.03,0.64,0.8400000000000016,0.69431406
1990-04-01,-3.36,-0.5,-2.47,0.69,0.8399999999999999,0.8346533
1990-05-01,8.42,-2.56,-3.89,0.68,0.9399999999999995,0.062236436
1990-06-01,-1.09,1.42,-1.99,0.63,0.9600000000000009,0.6585147
1990-07-01,-1.9,-3.2,-0.11,0.68,0.9599999999999991,0.6166844
1990-08-01,-10.15,-3.57,1.63,0.66,1.0,-0.23618443
1990-09-01,-6.12,-3.68,0.71,0.6,1.08,0.6385623
1990-10-01,-1.92,-5.55,0.19,0.68,1.2100000000000009,-0.4298231
1990-11-01,6.35,0.36,-3.21,0.57,1.3199999999999985,0.16099657
1990-12-01,2.46,0.75,-1.72,0.6,1.379999999999999,0.7326384
1991-01-01,4.69,3.76,-1.74,0.52,1.4100000000000001,-0.4519104
1991-02-01,7.19,3.96,-0.55,0.48,1.2400000000000002,0.02387407
1991-03-01,2.65,3.92,-1.32,0.44,1.1600000000000001,0.22763573
1991-04-01,-0.28,0.49,1.48,0.53,1.08,0.3617513
1991-05-01,3.65,-0.35,-0.57,0.47,1.0,0.46002996
1991-06-01,-4.94,0.08,1.23,0.42,0.9500000000000011,1.0485612
1991-07-01,4.24,-0.93,-1.25,0.49,0.8900000000000006,-0.21155721
1991-08-01,2.32,1.59,-0.83,0.46,0.9000000000000004,0.5005167
1991-09-01,-1.59,1.64,-0.98,0.46,0.9000000000000004,0.77699256
1991-10-01,1.29,0.88,-0.47,0.42,0.9399999999999995,-0.055472292
1991-11-01,-4.19,-0.48,-1.85,0.39,0.9699999999999989,0.5677467
1991-12-01,10.84,-2.26,-4.11,0.38,0.9499999999999993,1.0315471
1992-01-01,-0.59,8.49,4.61,0.34,0.9300000000000015,0.42297292
1992-02-01,1.09,0.87,6.37,0.28,0.9400000000000013,1.182008
1992-03-01,-2.66,-1.04,3.61,0.34,0.9000000000000004,0.4031776
1992-04-01,1.07,-6.12,4.27,0.32,0.8800000000000008,0.3152459
1992-05-01,0.3,0.4,1.25,0.28,0.8500000000000014,0.6477072
1992-06-01,-2.34,-3.1,3.36,0.32,0.8300000000000001,0.4445692
1992-07-01,3.77,-0.42,-0.37,0.31,0.7699999999999996,0.19697215
1992-08-01,-2.38,-0.13,-1.06,0.26,0.7000000000000002,0.65971506
1992-09-01,1.19,0.58,-0.28,0.26,0.6999999999999993,-0.44256407
1992-10-01,1.02,2.03,-2.01,0.23,0.8499999999999996,-0.831787
1992-11-01,4.13,3.69,-1.4,0.23,0.8600000000000012,0.6810082
1992-12-01,1.53,1.63,2.63,0.28,0.8300000000000001,5.3226256
1993-01-01,0.93,1.98,5.92,0.23,0.7599999999999998,-3.8071036
1993-02-01,0.12,-3.47,6.41,0.22,0.6800000000000006,0.8468639
1993-03-01,2.3,0.23,1.31,0.25,0.5700000000000003,-0.2956807
1993-04-01,-3.05,-0.66,2.52,0.24,0.6800000000000006,1.2606564
1993-05-01,2.89,1.98,-3.45,0.22,0.7800000000000011,0.33093253
1993-06-01,0.31,-0.32,2.72,0.25,0.7400000000000002,-0.32251525
1993-07-01,-0.34,0.89,2.82,0.24,0.7599999999999998,0.69318974
1993-08-01,3.71,0.15,0.13,0.25,0.75,0.6184379
1993-09-01,-0.12,3.02,-0.25,0.26,0.6799999999999997,-0.3263763
1993-10-01,1.41,2.04,-2.72,0.22,0.6399999999999997,-0.37098086
1993-11-01,-1.89,-1.22,-0.77,0.25,0.7300000000000004,0.20796466
1993-12-01,1.65,1.22,0.36,0.23,0.7600000000000007,5.0606923
1994-01-01,2.87,0.4,1.13,0.25,0.7300000000000004,-2.9954748
1994-02-01,-2.55,2.8,-1.59,0.21,0.6799999999999997,0.19532977
1994-03-01,-4.78,-1.14,1.63,0.27,0.6500000000000004,0.59280455
1994-04-01,0.68,-0.98,1.66,0.27,0.6399999999999997,1.2893215
1994-05-01,0.58,-2.13,0.66,0.31,0.629999999999999,0.3746304
1994-06-01,-3.03,-0.42,1.72,0.31,0.6800000000000006,-0.035351727
1994-07-01,2.82,-1.8,0.56,0.28,0.6900000000000013,0.59498495
1994-08-01,4.01,1.42,-2.47,0.37,0.6699999999999999,0.20018232
1994-09-01,-2.31,3.12,-1.87,0.37,0.6400000000000006,0.5252792
1994-10-01,1.34,-2.23,-1.66,0.38,0.629999999999999,0.922432
1994-11-01,-4.04,0.26,-0.69,0.37,0.6400000000000006,-0.115397364
1994-12-01,0.86,0.3,-0.2,0.44,0.6399999999999988,0.39390692
1995-01-01,1.8,-3.53,2.54,0.42,0.6199999999999992,0.5571307
1995-02-01,3.63,-0.64,1.12,0.4,0.5899999999999999,0.35145032
1995-03-01,2.19,-0.17,-2.15,0.46,0.5800000000000001,0.34235892
1995-04-01,2.11,-0.53,1.71,0.44,0.5700000000000003,0.47465414
1995-05-01,2.9,-2.55,2.23,0.54,0.5499999999999989,-0.10246146
1995-06-01,2.72,3.14,-2.5,0.47,0.6000000000000005,0.5268813
1995-07-01,3.72,2.08,-1.63,0.45,0.629999999999999,0.49163103
1995-08-01,0.55,1.36,2.84,0.47,0.6199999999999992,0.24290136
1995-09-01,3.35,-2.29,0.02,0.43,0.6099999999999994,0.44594753
1995-10-01,-1.52,-3.82,-0.46,0.47,0.6299999999999999,0.4425039
1995-11-01,3.96,-1.2,0.61,0.42,0.6600000000000001,0.28821844
1995-12-01,1.03,0.64,0.33,0.49,0.6699999999999999,0.19183561
1996-01-01,2.26,-2.63,0.22,0.43,0.6600000000000001,0.060072158
1996-02-01,1.33,1.81,-1.16,0.39,0.6399999999999997,1.054793
1996-03-01,0.73,1.52,0.31,0.39,0.6799999999999997,0.48806897
1996-04-01,2.06,5.24,-4.08,0.46,0.6899999999999995,0.33851776
1996-05-01,2.36,3.08,-0.8,0.42,0.6800000000000006,0.560832
1996-06-01,-1.14,-3.91,2.26,0.4,0.6900000000000004,0.8803071
1996-07-01,-5.97,-4.31,5.16,0.45,0.6999999999999993,0.056837574
1996-08-01,2.77,2.44,-0.78,0.41,0.7199999999999998,0.5992924
1996-09-01,5.01,-0.95,-2.76,0.44,0.6899999999999995,0.6519644
1996-10-01,0.86,-4.45,4.92,0.42,0.6800000000000006,0.1594406
1996-11-01,6.25,-4.07,1.46,0.41,0.6900000000000004,0.60788316
1996-12-01,-1.7,3.08,1.33,0.46,0.6899999999999995,0.64896166
1997-01-01,4.98,-1.93,-1.43,0.45,0.6699999999999999,0.35310543
1997-02-01,-0.49,-3.29,5.7,0.39,0.6300000000000008,0.76413184
1997-03-01,-5.02,-0.44,3.43,0.43,0.6299999999999999,0.6541577
1997-04-01,4.04,-5.74,0.09,0.43,0.6099999999999994,0.2954985
1997-05-01,6.74,5.16,-4.08,0.49,0.6199999999999992,0.46113226
1997-06-01,4.1,1.19,1.62,0.37,0.6099999999999994,0.5153784
1997-07-01,7.33,-2.7,0.2,0.43,0.6100000000000003,0.45751616
1997-08-01,-4.15,7.33,1.12,0.41,0.6000000000000005,0.8373191
1997-09-01,5.35,2.56,0.29,0.44,0.5499999999999998,0.50964063
1997-10-01,-3.8,-0.8,2.33,0.42,0.5700000000000003,0.76413953
1997-11-01,2.98,-5.11,1.24,0.39,0.5499999999999998,1.0030506
1997-12-01,1.32,-2.66,4.03,0.48,0.5600000000000005,0.45535144
1998-01-01,0.15,-1.02,-1.65,0.43,0.5800000000000001,0.7476976
1998-02-01,7.04,0.26,-0.78,0.39,0.5800000000000001,0.66357434
1998-03-01,4.76,-1.21,1.54,0.39,0.6000000000000005,0.5449778
1998-04-01,0.73,0.03,0.89,0.43,0.6399999999999997,0.51752084
1998-05-01,-3.07,-3.4,3.43,0.4,0.6099999999999994,0.74521583
1998-06-01,3.18,-3.32,-1.8,0.41,0.5999999999999996,0.4142816
1998-07-01,-2.46,-4.94,-1.71,0.4,0.6000000000000005,0.49374557
1998-08-01,-16.08,-5.68,3.56,0.43,0.6200000000000001,0.8509947
1998-09-01,6.15,0.06,-3.42,0.46,0.6899999999999995,0.37805408
1998-10-01,7.13,-3.11,-2.21,0.32,0.8099999999999996,0.5094727
1998-11-01,6.1,1.21,-3.16,0.31,0.9299999999999997,0.70290923
1998-12-01,6.16,-0.54,-4.2,0.38,1.0100000000000007,0.3918185
1999-01-01,3.5,0.81,-4.66,0.35,1.0499999999999998,0.6938433
1999-02-01,-4.08,-6.08,1.91,0.35,0.9899999999999993,0.6784947
1999-03-01,3.45,-3.76,-2.77,0.43,0.9100000000000001,0.16142945
1999-04-01,4.33,3.98,2.34,0.37,0.8400000000000007,0.35833824
1999-05-01,-2.46,3.33,2.36,0.34,0.79,0.44072682
1999-06-01,4.77,3.15,-3.4,0.4,0.7899999999999991,0.22520228
1999-07-01,-3.49,2.55,-0.48,0.38,0.7599999999999998,0.61157155
1999-08-01,-1.38,-1.0,-1.72,0.39,0.75,0.6000846
1999-09-01,-2.79,3.36,-3.42,0.39,0.8099999999999996,0.48873162
1999-10-01,6.12,-6.75,-3.16,0.39,0.830000000000001,0.86041576
1999-11-01,3.37,7.17,-6.07,0.36,0.79,0.887975
1999-12-01,7.72,7.07,-8.4,0.44,0.6399999999999997,1.3093603
2000-01-01,-4.74,5.7,-1.75,0.41,0.5499999999999998,1.7093122
2000-02-01,2.45,21.19,-8.94,0.43,0.6099999999999994,0.68200654
2000-03-01,5.2,-16.82,7.66,0.47,0.6899999999999995,0.4050246
2000-04-01,-6.4,-6.93,7.41,0.46,0.7600000000000007,0.17225876
2000-05-01,-4.42,-6.33,5.01,0.5,0.9100000000000001,-0.264785
2000-06-01,4.64,12.8,-8.22,0.4,0.8100000000000005,0.74933183
2000-07-01,-2.51,-3.16,8.4,0.48,0.6999999999999993,1.1996074
2000-08-01,7.03,-0.65,-1.47,0.5,0.71,0.23696195
2000-09-01,-5.45,-1.89,7.28,0.51,0.7299999999999995,0.48044744
2000-10-01,-2.76,-3.87,5.71,0.56,0.79,0.24596557
2000-11-01,-10.72,-3.5,12.53,0.51,0.8299999999999992,0.028066378
2000-12-01,1.19,0.73,7.67,0.5,0.8099999999999996,0.02587169
2001-01-01,3.13,6.76,-5.33,0.54,0.7799999999999994,1.2953521
2001-02-01,-10.05,-0.82,12.58,0.38,0.7700000000000005,0.5444371
2001-03-01,-7.26,0.17,6.52,0.42,0.8599999999999994,0.28024736
2001-04-01,7.94,0.61,-4.8,0.39,0.8700000000000001,-0.38549
2001-05-01,0.72,2.53,3.34,0.32,0.7800000000000002,-0.18852365
2001-06-01,-1.94,6.25,-1.16,0.28,0.79,-0.015699955
2001-07-01,-2.13,-4.23,5.35,0.3,0.8399999999999999,-0.12681194
2001-08-01,-6.46,2.48,2.33,0.31,0.8300000000000001,-0.09717014
2001-09-01,-9.25,-6.25,1.57,0.28,0.8599999999999994,-0.01595346
2001-10-01,2.46,7.57,-7.66,0.22,0.8799999999999999,0.06928659
2001-11-01,7.54,-0.48,2.16,0.17,0.8399999999999999,0.20988943
2001-12-01,1.61,4.79,0.9,0.15,1.2800000000000011,0.1589335
2002-01-01,-1.44,1.18,3.38,0.14,1.3200000000000003,0.0008926753
2002-02-01,-2.29,-1.07,2.21,0.13,1.38,0.07633959
2002-03-01,4.24,4.14,1.08,0.13,1.2999999999999998,0.43074685
2002-04-01,-5.2,5.84,3.96,0.15,1.2699999999999996,0.3774683
2002-05-01,-1.38,-3.26,1.57,0.14,1.3399999999999999,0.37382036
2002-06-01,-7.21,4.2,0.04,0.13,1.3200000000000003,0.5458765
2002-07-01,-8.18,-5.22,-3.71,0.15,1.37,-0.3007379
2002-08-01,0.5,-2.94,3.23,0.14,1.21,0.29859978
2002-09-01,-10.35,2.39,1.49,0.14,1.25,0.23787965
2002-10-01,7.84,-3.44,-4.07,0.14,1.4100000000000001,0.21638747
2002-11-01,5.96,3.23,-1.51,0.12,1.3100000000000005,0.1424275
2002-12-01,-5.76,-0.01,2.28,0.11,1.2400000000000002,0.062009558
2003-01-01,-2.57,1.28,-0.86,0.1,1.1799999999999997,-0.10060228
2003-02-01,-1.88,-0.46,-1.33,0.09,1.1099999999999994,0.21861896
2003-03-01,1.09,0.93,-2.15,0.1,1.0600000000000005,0.5397808
2003-04-01,8.22,0.64,0.89,0.1,1.1099999999999994,0.3949864
2003-05-01,6.05,4.49,0.11,0.09,1.1600000000000001,0.79851663
2003-06-01,1.42,1.75,0.39,0.1,1.2200000000000006,0.4395307
2003-07-01,2.35,5.23,-1.08,0.07,1.13,0.29335153
2003-08-01,2.34,2.7,1.61,0.07,1.13,0.5203011
2003-09-01,-1.24,0.71,0.05,0.08,1.0700000000000003,0.49436963
2003-10-01,6.08,2.64,1.92,0.07,1.0300000000000002,0.70892364
2003-11-01,1.35,1.99,1.8,0.07,1.0099999999999998,0.6903822
2003-12-01,4.29,-2.76,1.58,0.08,0.9799999999999995,-0.03701397
2004-01-01,2.15,2.53,2.45,0.07,0.9000000000000004,0.20313028
2004-02-01,1.4,-1.56,0.86,0.06,0.7699999999999996,0.10704309
2004-03-01,-1.32,1.75,0.24,0.09,0.7800000000000002,0.4638777
2004-04-01,-1.83,-1.73,-3.07,0.08,0.7299999999999995,0.70824075
2004-05-01,1.17,-0.24,-0.29,0.06,0.71,1.1155987
2004-06-01,1.86,2.28,1.23,0.08,0.7700000000000005,0.39802104
2004-07-01,-4.06,-3.85,3.28,0.1,0.7999999999999998,0.8771158
2004-08-01,0.08,-1.56,0.96,0.11,0.8099999999999996,0.58477503
2004-09-01,1.6,3.01,-0.07,0.11,0.8099999999999996,0.33533597
2004-10-01,1.43,0.13,-0.29,0.11,0.7400000000000002,0.33714232
2004-11-01,4.54,3.72,1.43,0.15,0.6800000000000006,-0.008066211
2004-12-01,3.43,-0.07,-0.18,0.16,0.6800000000000006,0.4111328
2005-01-01,-2.76,-1.72,2.01,0.16,0.6599999999999993,0.3788395
2005-02-01,1.89,-0.55,1.63,0.16,0.6200000000000001,0.2931051
2005-03-01,-1.97,-1.35,2.14,0.21,0.6599999999999993,0.17121907
2005-04-01,-2.61,-3.97,0.05,0.21,0.7199999999999998,0.5474831
2005-05-01,3.65,2.8,-0.66,0.24,0.8599999999999994,0.3350914
2005-06-01,0.57,2.55,2.82,0.23,0.9000000000000004,0.46391705
2005-07-01,3.92,2.87,-0.83,0.24,0.8900000000000006,0.87067467
2005-08-01,-1.22,-0.98,1.38,0.3,0.8700000000000001,0.31476513
2005-09-01,0.49,-0.66,0.74,0.29,0.9000000000000004,0.47716987
2005-10-01,-2.02,-1.19,0.45,0.27,0.9500000000000002,0.493008
2005-11-01,3.61,0.97,-1.16,0.31,0.9699999999999998,0.29255903
2005-12-01,-0.25,-0.46,0.24,0.32,0.9500000000000002,0.3429587
2006-01-01,3.04,5.4,0.99,0.35,0.9500000000000002,1.3941158
2006-02-01,-0.3,-0.37,-0.26,0.34,0.9199999999999999,0.7605149
2006-03-01,1.46,3.49,0.68,0.37,0.8799999999999999,0.33036193
2006-04-01,0.73,-1.41,2.37,0.36,0.8399999999999999,0.33518103
2006-05-01,-3.57,-3.09,2.45,0.43,0.7999999999999998,-0.386024
2006-06-01,-0.35,-0.36,0.92,0.4,0.8900000000000006,0.2967118
2006-07-01,-0.78,-3.99,2.67,0.4,0.9100000000000001,0.4101586
2006-08-01,2.03,1.02,-1.98,0.42,0.9100000000000001,0.21206611
2006-09-01,1.84,-1.29,-0.04,0.41,0.9199999999999999,0.5195642
2006-10-01,3.23,1.72,-0.3,0.41,0.9100000000000001,0.58548373
2006-11-01,1.71,0.78,0.07,0.42,0.8700000000000001,0.6874256
2006-12-01,0.87,-1.14,2.72,0.4,0.8999999999999995,1.0608709
2007-01-01,1.4,0.16,-0.69,0.44,0.9399999999999995,0.8460227
2007-02-01,-1.96,1.29,-0.17,0.38,0.8900000000000006,0.70525753
2007-03-01,0.68,0.08,-0.83,0.43,0.9699999999999998,0.3841323
2007-04-01,3.49,-2.18,-1.38,0.44,0.9199999999999999,-0.053358585
2007-05-01,3.24,0.27,-0.63,0.41,0.9199999999999999,-0.042916268
2007-06-01,-1.96,0.78,-1.1,0.4,0.9100000000000001,0.2589734
2007-07-01,-3.73,-2.45,-3.55,0.4,0.9199999999999999,0.18997727
2007-08-01,0.92,-0.17,-1.91,0.42,0.8600000000000003,-0.060373113
2007-09-01,3.22,-2.22,-2.21,0.32,0.8499999999999996,0.5927968
2007-10-01,1.8,0.25,-2.91,0.32,0.8200000000000003,0.18228343
2007-11-01,-4.83,-2.8,-1.0,0.34,0.96,0.6351853
2007-12-01,-0.87,0.14,-0.59,0.27,1.1600000000000001,0.5868244
2008-01-01,-6.36,-0.89,3.67,0.21,1.21,0.050222933
2008-02-01,-3.09,-0.27,-0.88,0.13,1.29,0.27681595
2008-03-01,-0.93,0.79,0.14,0.17,1.38,0.3804297
2008-04-01,4.6,-1.59,-0.96,0.18,1.42,-0.40156585
2008-05-01,1.86,3.05,-1.45,0.18,1.3599999999999994,0.051697694
2008-06-01,-8.44,1.22,-2.77,0.17,1.3900000000000006,0.05211792
2008-07-01,-0.77,2.47,5.27,0.15,1.4900000000000002,-0.021491475
2008-08-01,1.53,3.54,1.45,0.13,1.5100000000000007,0.25781664
2008-09-01,-9.24,-1.18,6.07,0.15,1.6599999999999993,0.105730966
2008-10-01,-17.23,-2.52,-2.37,0.08,2.6000000000000005,0.30277282
2008-11-01,-7.86,-2.82,-6.31,0.03,3.0900000000000007,-0.549286
2008-12-01,1.74,3.51,0.14,0.0,3.38,-1.3958431
2009-01-01,-8.12,0.33,-11.12,0.0,3.0900000000000007,-1.9824047
2009-02-01,-10.1,0.23,-7.03,0.01,2.8100000000000005,-1.0497743
2009-03-01,8.95,0.0,3.4,0.02,2.92,-0.46185032
2009-04-01,10.18,5.14,5.21,0.01,3.000000000000001,0.8010783
2009-05-01,5.21,-2.63,0.49,0.0,2.5200000000000005,0.40621227
2009-06-01,0.43,2.63,-2.62,0.01,1.8899999999999997,0.0043104943
2009-07-01,7.72,1.9,4.87,0.01,1.6799999999999997,-0.3393564
2009-08-01,3.33,-1.1,7.5,0.01,1.3200000000000003,0.01882337
2009-09-01,4.08,2.41,0.89,0.01,1.1799999999999997,-0.018419681
2009-10-01,-2.59,-4.18,-4.03,0.0,1.1399999999999997,0.34532616
2009-11-01,5.56,-2.48,-0.25,0.0,1.13,0.452739
2009-12-01,2.75,6.13,-0.11,0.01,1.1100000000000003,0.028958747
2010-01-01,-3.36,0.37,0.33,0.0,0.9900000000000002,-0.40308997
2010-02-01,3.4,1.19,3.19,0.0,0.9900000000000002,-0.44620782
2010-03-01,6.31,1.44,2.11,0.01,1.0,0.45999795
2010-04-01,2.0,4.86,2.91,0.01,0.96,1.032554
2010-05-01,-7.89,0.14,-2.39,0.01,1.0899999999999999,0.9597214
2010-06-01,-5.57,-1.84,-4.52,0.01,1.3500000000000005,0.0061372826
2010-07-01,6.93,0.18,-0.36,0.01,1.29,0.39404732
2010-08-01,-4.77,-3.02,-1.9,0.01,1.17,0.26090565
2010-09-01,9.54,3.93,-3.23,0.01,1.13,0.039410837
2010-10-01,3.88,1.07,-2.46,0.01,1.04,0.4047405
2010-11-01,0.6,3.78,-0.95,0.01,1.0499999999999998,0.06047507
2010-12-01,6.82,0.68,3.64,0.01,1.08,0.53425556
2011-01-01,1.99,-2.52,0.82,0.01,1.0499999999999998,0.8921453
2011-02-01,3.49,1.53,1.29,0.01,0.9300000000000006,0.4568773
2011-03-01,0.46,2.58,-1.76,0.01,0.9000000000000004,0.08608707
2011-04-01,2.9,-0.37,-2.43,0.0,0.8599999999999994,0.044948585
2011-05-01,-1.27,-0.58,-2.05,0.0,0.8200000000000003,0.0692117
2011-06-01,-1.75,-0.11,-0.42,0.0,0.7599999999999998,0.4225594
2011-07-01,-2.35,-1.37,-0.88,0.0,0.8300000000000001,0.8612441
2011-08-01,-5.99,-3.03,-2.56,0.01,0.9900000000000002,-0.1891832
2011-09-01,-7.59,-3.35,-1.71,0.0,1.1799999999999997,-0.15909392
2011-10-01,11.35,3.32,0.13,0.0,1.3900000000000001,-0.4959316
2011-11-01,-0.28,-0.14,-0.48,0.0,1.2699999999999996,-0.3217045
2011-12-01,0.74,-0.66,1.68,0.0,1.3199999999999998,0.9498142
2012-01-01,5.05,2.1,-0.9,0.0,1.3800000000000003,1.359515
2012-02-01,4.42,-1.84,0.46,0.0,1.2899999999999996,0.8668249
2012-03-01,3.11,-0.68,1.21,0.0,1.2400000000000002,0.39858595
2012-04-01,-0.85,-0.39,-0.77,0.0,1.2300000000000004,0.16640607
2012-05-01,-6.19,0.16,-1.04,0.01,1.2700000000000005,-0.3412884
2012-06-01,3.89,0.78,0.58,0.0,1.3799999999999994,0.19707163
2012-07-01,0.79,-2.62,-0.05,0.0,1.4700000000000002,-0.10895403
2012-08-01,2.55,0.47,1.12,0.01,1.4300000000000002,0.34096748
2012-09-01,2.73,0.49,1.56,0.01,1.3499999999999996,1.0834677
2012-10-01,-1.76,-1.09,3.61,0.01,1.1099999999999999,0.49429232
2012-11-01,0.78,0.53,-0.83,0.01,1.0099999999999998,1.1655298
2012-12-01,1.18,1.45,3.53,0.01,0.98,1.2382425
2013-01-01,5.57,0.36,0.98,0.0,0.9300000000000006,-1.5628825
2013-02-01,1.29,-0.42,0.13,0.0,0.9499999999999997,-0.015200558
2013-03-01,4.03,0.75,-0.23,0.0,0.9199999999999995,0.092408694
2013-04-01,1.55,-2.4,0.53,0.0,0.8599999999999999,0.4973627
2013-05-01,2.8,1.66,2.61,0.0,0.8400000000000003,0.50421774
2013-06-01,-1.2,1.16,-0.09,0.0,0.9200000000000008,0.30749947
2013-07-01,5.65,1.86,0.56,0.0,0.9800000000000004,-0.3506847
2013-08-01,-2.71,0.29,-2.66,0.0,0.8799999999999999,0.28431496
2013-09-01,3.77,2.89,-1.15,0.0,0.8300000000000001,0.25377652
2013-10-01,4.18,-1.53,1.21,0.0,0.7799999999999994,0.20912208
2013-11-01,3.13,1.19,0.29,0.0,0.75,0.6635405
2013-12-01,2.81,-0.59,-0.05,0.0,0.7599999999999998,0.5320642
2014-01-01,-3.32,0.87,-2.02,0.0,0.7000000000000002,0.7570888
2014-02-01,4.65,0.31,-0.36,0.0,0.6499999999999995,0.5977231
2014-03-01,0.43,-1.85,4.9,0.0,0.6799999999999997,0.51721376
2014-04-01,-0.19,-4.21,1.12,0.0,0.6600000000000001,-0.041789785
2014-05-01,2.06,-1.9,-0.12,0.0,0.5999999999999996,0.06971516
2014-06-01,2.61,3.08,-0.67,0.0,0.5499999999999998,0.27208704
2014-07-01,-2.04,-4.27,0.02,0.0,0.5700000000000003,0.41153342
2014-08-01,4.24,0.36,-0.42,0.0,0.6100000000000003,0.61439085
2014-09-01,-1.97,-3.73,-1.38,0.0,0.6899999999999995,0.4497264
2014-10-01,2.52,4.28,-1.8,0.0,0.7700000000000005,0.51423454
2014-11-01,2.55,-2.04,-3.07,0.0,0.8700000000000001,0.6858577
2014-12-01,-0.06,2.48,2.23,0.0,0.9500000000000002,0.48996973
2015-01-01,-3.11,-0.51,-3.56,0.0,0.9900000000000002,0.46753815
2015-02-01,6.14,0.52,-1.81,0.0,0.8999999999999999,0.43681833
2015-03-01,-1.12,3.02,-0.41,0.0,0.8999999999999999,0.2183526
2015-04-01,0.59,-3.04,1.88,0.0,0.9600000000000004,0.35301515
2015-05-01,1.36,0.89,-1.1,0.0,0.9099999999999997,0.5369686
2015-06-01,-1.53,2.85,-0.74,0.0,0.9399999999999995,0.1916773
2015-07-01,1.54,-4.09,-4.21,0.0,1.0499999999999998,0.34860632
2015-08-01,-6.04,0.44,2.73,0.0,1.1500000000000004,0.2886464
2015-09-01,-3.07,-2.61,0.39,0.0,1.2699999999999996,0.10588631
2015-10-01,7.75,-1.98,-0.25,0.0,1.3899999999999997,0.3530622
2015-11-01,0.56,3.68,-0.49,0.0,1.4000000000000004,0.089130744
2015-12-01,-2.17,-2.86,-2.45,0.01,1.4899999999999998,0.2346504
2016-01-01,-5.77,-3.36,2.01,0.01,1.4500000000000002,0.14679365
2016-02-01,-0.08,0.83,-0.6,0.02,1.38,-0.07367508
2016-03-01,6.96,0.82,1.11,0.02,1.31,0.20023589
2016-04-01,0.92,0.69,3.28,0.01,1.17,0.27594286
2016-05-01,1.78,-0.27,-1.6,0.01,1.0299999999999998,0.050180465
2016-06-01,-0.05,0.64,-1.4,0.02,1.0300000000000002,0.34923735
2016-07-01,3.95,2.6,-1.23,0.02,0.94,0.48358035
2016-08-01,0.5,1.13,3.31,0.02,0.9200000000000004,0.051965587
2016-09-01,0.25,2.04,-1.21,0.02,0.8999999999999995,0.49351692
2016-10-01,-2.02,-4.43,4.07,0.02,0.8700000000000001,0.44603968
2016-11-01,4.86,5.47,8.22,0.01,0.8500000000000001,0.25486815
2016-12-01,1.81,0.11,3.51,0.03,0.7700000000000005,0.41799122
2017-01-01,1.94,-1.06,-2.81,0.04,0.7400000000000002,0.4876016
2017-02-01,3.57,-2.01,-1.79,0.04,0.6899999999999995,0.3774687
2017-03-01,0.17,1.17,-3.33,0.03,0.6699999999999999,0.14857039
2017-04-01,1.09,0.72,-2.11,0.05,0.7000000000000002,0.5064493
2017-05-01,1.06,-2.61,-3.67,0.06,0.6999999999999997,0.2997301
2017-06-01,0.78,2.15,1.45,0.06,0.69,0.4884886
2017-07-01,1.87,-1.47,-0.36,0.07,0.6899999999999995,0.4854974
2017-08-01,0.16,-1.62,-2.19,0.09,0.6799999999999997,0.3634544
2017-09-01,2.51,4.47,3.14,0.09,0.6699999999999999,0.6302811
2017-10-01,2.25,-1.95,0.12,0.09,0.7200000000000002,0.5586733
2017-11-01,3.12,-0.58,-0.09,0.08,0.6999999999999997,0.66873586
2017-12-01,1.06,-1.29,0.17,0.09,0.71,0.4293173
2018-01-01,5.58,-3.09,-1.32,0.11,0.71,0.4255584
2018-02-01,-3.65,0.3,-1.01,0.11,0.69,0.1728011
2018-03-01,-2.35,4.05,-0.12,0.12,0.7699999999999996,0.2553572
2018-04-01,0.29,1.13,0.5,0.14,0.8199999999999998,0.38152316
2018-05-01,2.65,5.28,-3.15,0.14,0.8300000000000001,0.31191137
2018-06-01,0.48,1.19,-2.31,0.14,0.8700000000000001,0.49320138
2018-07-01,3.19,-2.21,0.57,0.16,0.9199999999999999,0.5728171
2018-08-01,3.44,1.15,-3.92,0.16,0.8899999999999997,0.51274014
2018-09-01,0.06,-2.28,-1.63,0.15,0.8999999999999999,0.12615535
2018-10-01,-7.68,-4.78,3.46,0.19,0.9300000000000006,0.03428787
2018-11-01,1.69,-0.71,0.34,0.18,1.0,0.23245046
2018-12-01,-9.55,-2.48,-1.89,0.19,1.1100000000000003,0.6676952
